RegionID,SizeRank,RegionName,RegionType,StateName,State,Metro,CountyName,date,price
40326,6,Phoenix,city,AZ,AZ,"Phoenix-Mesa-Chandler, AZ",Maricopa County,2000-01-31,115597.60356803126
40326,6,Phoenix,city,AZ,AZ,"Phoenix-Mesa-Chandler, AZ",Maricopa County,2000-02-29,115878.45469844888
40326,6,Phoenix,city,AZ,AZ,"Phoenix-Mesa-Chandler, AZ",Maricopa County,2000-03-31,116239.08011903026
40326,6,Phoenix,city,AZ,AZ,"Phoenix-Mesa-Chandler, AZ",Maricopa County,2000-04-30,117009.3296002455
40326,6,Phoenix,city,AZ,AZ,"Phoenix-Mesa-Chandler, AZ",Maricopa County,2000-05-31,117862.86208419506
40326,6,Phoenix,city,AZ,AZ,"Phoenix-Mesa-Chandler, AZ",Maricopa County,2000-06-30,118636.23651450704
40326,6,Phoenix,city,AZ,AZ,"Phoenix-Mesa-Chandler, AZ",Maricopa County,2000-07-31,119402.4111830353
40326,6,Phoenix,city,AZ,AZ,"Phoenix-Mesa-Chandler, AZ",Maricopa County,2000-08-31,120151.95046199315
40326,6,Phoenix,city,AZ,AZ,"Phoenix-Mesa-Chandler, AZ",Maricopa County,2000-09-30,120956.27224135172
40326,6,Phoenix,city,AZ,AZ,"Phoenix-Mesa-Chandler, AZ",Maricopa County,2000-10-31,121698.859128497
40326,6,Phoenix,city,AZ,AZ,"Phoenix-Mesa-Chandler, AZ",Maricopa County,2000-11-30,122414.61820407656
40326,6,Phoenix,city,AZ,AZ,"Phoenix-Mesa-Chandler, AZ",Maricopa County,2000-12-31,123134.73629283217
40326,6,Phoenix,city,AZ,AZ,"Phoenix-Mesa-Chandler, AZ",Maricopa County,2001-01-31,123829.16592204176
40326,6,Phoenix,city,AZ,AZ,"Phoenix-Mesa-Chandler, AZ",Maricopa County,2001-02-28,124513.89984782557
40326,6,Phoenix,city,AZ,AZ,"Phoenix-Mesa-Chandler, AZ",Maricopa County,2001-03-31,125214.37383820648
40326,6,Phoenix,city,AZ,AZ,"Phoenix-Mesa-Chandler, AZ",Maricopa County,2001-04-30,125936.53809707654
40326,6,Phoenix,city,AZ,AZ,"Phoenix-Mesa-Chandler, AZ",Maricopa County,2001-05-31,126654.86411659264
40326,6,Phoenix,city,AZ,AZ,"Phoenix-Mesa-Chandler, AZ",Maricopa County,2001-06-30,127368.6693609681
40326,6,Phoenix,city,AZ,AZ,"Phoenix-Mesa-Chandler, AZ",Maricopa County,2001-07-31,128058.70890590826
40326,6,Phoenix,city,AZ,AZ,"Phoenix-Mesa-Chandler, AZ",Maricopa County,2001-08-31,128746.17220903844
40326,6,Phoenix,city,AZ,AZ,"Phoenix-Mesa-Chandler, AZ",Maricopa County,2001-09-30,129400.03124603664
40326,6,Phoenix,city,AZ,AZ,"Phoenix-Mesa-Chandler, AZ",Maricopa County,2001-10-31,130059.43840608622
40326,6,Phoenix,city,AZ,AZ,"Phoenix-Mesa-Chandler, AZ",Maricopa County,2001-11-30,130754.39961681073
40326,6,Phoenix,city,AZ,AZ,"Phoenix-Mesa-Chandler, AZ",Maricopa County,2001-12-31,131402.3479314303
40326,6,Phoenix,city,AZ,AZ,"Phoenix-Mesa-Chandler, AZ",Maricopa County,2002-01-31,131956.02282182194
40326,6,Phoenix,city,AZ,AZ,"Phoenix-Mesa-Chandler, AZ",Maricopa County,2002-02-28,132424.54250689573
40326,6,Phoenix,city,AZ,AZ,"Phoenix-Mesa-Chandler, AZ",Maricopa County,2002-03-31,132943.8167547163
40326,6,Phoenix,city,AZ,AZ,"Phoenix-Mesa-Chandler, AZ",Maricopa County,2002-04-30,133511.93701098496
40326,6,Phoenix,city,AZ,AZ,"Phoenix-Mesa-Chandler, AZ",Maricopa County,2002-05-31,134057.58463737043
40326,6,Phoenix,city,AZ,AZ,"Phoenix-Mesa-Chandler, AZ",Maricopa County,2002-06-30,134641.16378886838
40326,6,Phoenix,city,AZ,AZ,"Phoenix-Mesa-Chandler, AZ",Maricopa County,2002-07-31,135253.78528089673
40326,6,Phoenix,city,AZ,AZ,"Phoenix-Mesa-Chandler, AZ",Maricopa County,2002-08-31,135974.80391678095
40326,6,Phoenix,city,AZ,AZ,"Phoenix-Mesa-Chandler, AZ",Maricopa County,2002-09-30,136574.58293678286
40326,6,Phoenix,city,AZ,AZ,"Phoenix-Mesa-Chandler, AZ",Maricopa County,2002-10-31,137167.05124155592
40326,6,Phoenix,city,AZ,AZ,"Phoenix-Mesa-Chandler, AZ",Maricopa County,2002-11-30,137711.38501126508
40326,6,Phoenix,city,AZ,AZ,"Phoenix-Mesa-Chandler, AZ",Maricopa County,2002-12-31,138329.72590649052
40326,6,Phoenix,city,AZ,AZ,"Phoenix-Mesa-Chandler, AZ",Maricopa County,2003-01-31,138917.2370558797
40326,6,Phoenix,city,AZ,AZ,"Phoenix-Mesa-Chandler, AZ",Maricopa County,2003-02-28,139540.9586218839
40326,6,Phoenix,city,AZ,AZ,"Phoenix-Mesa-Chandler, AZ",Maricopa County,2003-03-31,140105.36464973603
40326,6,Phoenix,city,AZ,AZ,"Phoenix-Mesa-Chandler, AZ",Maricopa County,2003-04-30,140747.6376358634
40326,6,Phoenix,city,AZ,AZ,"Phoenix-Mesa-Chandler, AZ",Maricopa County,2003-05-31,141378.95008035717
40326,6,Phoenix,city,AZ,AZ,"Phoenix-Mesa-Chandler, AZ",Maricopa County,2003-06-30,142068.3066839735
40326,6,Phoenix,city,AZ,AZ,"Phoenix-Mesa-Chandler, AZ",Maricopa County,2003-07-31,142741.8309054837
40326,6,Phoenix,city,AZ,AZ,"Phoenix-Mesa-Chandler, AZ",Maricopa County,2003-08-31,143476.85991008647
40326,6,Phoenix,city,AZ,AZ,"Phoenix-Mesa-Chandler, AZ",Maricopa County,2003-09-30,144314.35847543715
40326,6,Phoenix,city,AZ,AZ,"Phoenix-Mesa-Chandler, AZ",Maricopa County,2003-10-31,145160.23810880003
40326,6,Phoenix,city,AZ,AZ,"Phoenix-Mesa-Chandler, AZ",Maricopa County,2003-11-30,145897.01312920265
40326,6,Phoenix,city,AZ,AZ,"Phoenix-Mesa-Chandler, AZ",Maricopa County,2003-12-31,146511.9836554142
40326,6,Phoenix,city,AZ,AZ,"Phoenix-Mesa-Chandler, AZ",Maricopa County,2004-01-31,147035.51261390347
40326,6,Phoenix,city,AZ,AZ,"Phoenix-Mesa-Chandler, AZ",Maricopa County,2004-02-29,147693.8161641997
40326,6,Phoenix,city,AZ,AZ,"Phoenix-Mesa-Chandler, AZ",Maricopa County,2004-03-31,148538.75567780036
40326,6,Phoenix,city,AZ,AZ,"Phoenix-Mesa-Chandler, AZ",Maricopa County,2004-04-30,149594.56468422056
40326,6,Phoenix,city,AZ,AZ,"Phoenix-Mesa-Chandler, AZ",Maricopa County,2004-05-31,150880.12548193295
40326,6,Phoenix,city,AZ,AZ,"Phoenix-Mesa-Chandler, AZ",Maricopa County,2004-06-30,152256.96458988468
40326,6,Phoenix,city,AZ,AZ,"Phoenix-Mesa-Chandler, AZ",Maricopa County,2004-07-31,NA
40326,6,Phoenix,city,AZ,AZ,"Phoenix-Mesa-Chandler, AZ",Maricopa County,2004-08-31,156442.90829651555
40326,6,Phoenix,city,AZ,AZ,"Phoenix-Mesa-Chandler, AZ",Maricopa County,2004-09-30,158659.9688941242
40326,6,Phoenix,city,AZ,AZ,"Phoenix-Mesa-Chandler, AZ",Maricopa County,2004-10-31,160857.41263671734
40326,6,Phoenix,city,AZ,AZ,"Phoenix-Mesa-Chandler, AZ",Maricopa County,2004-11-30,162997.9477406803
40326,6,Phoenix,city,AZ,AZ,"Phoenix-Mesa-Chandler, AZ",Maricopa County,2004-12-31,165741.00873435716
40326,6,Phoenix,city,AZ,AZ,"Phoenix-Mesa-Chandler, AZ",Maricopa County,2005-01-31,168800.02568646884
40326,6,Phoenix,city,AZ,AZ,"Phoenix-Mesa-Chandler, AZ",Maricopa County,2005-02-28,172739.32339715317
40326,6,Phoenix,city,AZ,AZ,"Phoenix-Mesa-Chandler, AZ",Maricopa County,2005-03-31,176743.47548679597
40326,6,Phoenix,city,AZ,AZ,"Phoenix-Mesa-Chandler, AZ",Maricopa County,2005-04-30,181305.54389182135
40326,6,Phoenix,city,AZ,AZ,"Phoenix-Mesa-Chandler, AZ",Maricopa County,2005-05-31,186284.34413767105
40326,6,Phoenix,city,AZ,AZ,"Phoenix-Mesa-Chandler, AZ",Maricopa County,2005-06-30,192908.47354512048
40326,6,Phoenix,city,AZ,AZ,"Phoenix-Mesa-Chandler, AZ",Maricopa County,2005-07-31,200506.114519162
40326,6,Phoenix,city,AZ,AZ,"Phoenix-Mesa-Chandler, AZ",Maricopa County,2005-08-31,208135.9573192755
40326,6,Phoenix,city,AZ,AZ,"Phoenix-Mesa-Chandler, AZ",Maricopa County,2005-09-30,216174.0011312435
40326,6,Phoenix,city,AZ,AZ,"Phoenix-Mesa-Chandler, AZ",Maricopa County,2005-10-31,223370.55489098196
40326,6,Phoenix,city,AZ,AZ,"Phoenix-Mesa-Chandler, AZ",Maricopa County,2005-11-30,230415.75615450685
40326,6,Phoenix,city,AZ,AZ,"Phoenix-Mesa-Chandler, AZ",Maricopa County,2005-12-31,235018.5770407041
40326,6,Phoenix,city,AZ,AZ,"Phoenix-Mesa-Chandler, AZ",Maricopa County,2006-01-31,237464.24294684036
40326,6,Phoenix,city,AZ,AZ,"Phoenix-Mesa-Chandler, AZ",Maricopa County,2006-02-28,240838.36562686972
40326,6,Phoenix,city,AZ,AZ,"Phoenix-Mesa-Chandler, AZ",Maricopa County,2006-03-31,245002.20622923248
40326,6,Phoenix,city,AZ,AZ,"Phoenix-Mesa-Chandler, AZ",Maricopa County,2006-04-30,249905.80279374207
40326,6,Phoenix,city,AZ,AZ,"Phoenix-Mesa-Chandler, AZ",Maricopa County,2006-05-31,252826.02818642583
40326,6,Phoenix,city,AZ,AZ,"Phoenix-Mesa-Chandler, AZ",Maricopa County,2006-06-30,254575.90973083585
40326,6,Phoenix,city,AZ,AZ,"Phoenix-Mesa-Chandler, AZ",Maricopa County,2006-07-31,254929.71310612047
40326,6,Phoenix,city,AZ,AZ,"Phoenix-Mesa-Chandler, AZ",Maricopa County,2006-08-31,254022.0910367242
40326,6,Phoenix,city,AZ,AZ,"Phoenix-Mesa-Chandler, AZ",Maricopa County,2006-09-30,252212.6795103863
40326,6,Phoenix,city,AZ,AZ,"Phoenix-Mesa-Chandler, AZ",Maricopa County,2006-10-31,251242.03213463267
40326,6,Phoenix,city,AZ,AZ,"Phoenix-Mesa-Chandler, AZ",Maricopa County,2006-11-30,249952.22545882303
40326,6,Phoenix,city,AZ,AZ,"Phoenix-Mesa-Chandler, AZ",Maricopa County,2006-12-31,248777.2418070704
40326,6,Phoenix,city,AZ,AZ,"Phoenix-Mesa-Chandler, AZ",Maricopa County,2007-01-31,247324.7912708779
40326,6,Phoenix,city,AZ,AZ,"Phoenix-Mesa-Chandler, AZ",Maricopa County,2007-02-28,246468.74518960505
40326,6,Phoenix,city,AZ,AZ,"Phoenix-Mesa-Chandler, AZ",Maricopa County,2007-03-31,246113.17716502733
40326,6,Phoenix,city,AZ,AZ,"Phoenix-Mesa-Chandler, AZ",Maricopa County,2007-04-30,246320.41057833633
40326,6,Phoenix,city,AZ,AZ,"Phoenix-Mesa-Chandler, AZ",Maricopa County,2007-05-31,246612.70325922535
40326,6,Phoenix,city,AZ,AZ,"Phoenix-Mesa-Chandler, AZ",Maricopa County,2007-06-30,246232.38801552897
40326,6,Phoenix,city,AZ,AZ,"Phoenix-Mesa-Chandler, AZ",Maricopa County,2007-07-31,245090.62919675643
40326,6,Phoenix,city,AZ,AZ,"Phoenix-Mesa-Chandler, AZ",Maricopa County,2007-08-31,243236.47454251372
40326,6,Phoenix,city,AZ,AZ,"Phoenix-Mesa-Chandler, AZ",Maricopa County,2007-09-30,241031.36736163695
40326,6,Phoenix,city,AZ,AZ,"Phoenix-Mesa-Chandler, AZ",Maricopa County,2007-10-31,238641.8823563405
40326,6,Phoenix,city,AZ,AZ,"Phoenix-Mesa-Chandler, AZ",Maricopa County,2007-11-30,235324.0133898016
40326,6,Phoenix,city,AZ,AZ,"Phoenix-Mesa-Chandler, AZ",Maricopa County,2007-12-31,231600.37614093933
40326,6,Phoenix,city,AZ,AZ,"Phoenix-Mesa-Chandler, AZ",Maricopa County,2008-01-31,227650.06627903137
40326,6,Phoenix,city,AZ,AZ,"Phoenix-Mesa-Chandler, AZ",Maricopa County,2008-02-29,222878.16189771448
40326,6,Phoenix,city,AZ,AZ,"Phoenix-Mesa-Chandler, AZ",Maricopa County,2008-03-31,217817.4676094025
40326,6,Phoenix,city,AZ,AZ,"Phoenix-Mesa-Chandler, AZ",Maricopa County,2008-04-30,211740.5682240807
40326,6,Phoenix,city,AZ,AZ,"Phoenix-Mesa-Chandler, AZ",Maricopa County,2008-05-31,207017.6153557443
40326,6,Phoenix,city,AZ,AZ,"Phoenix-Mesa-Chandler, AZ",Maricopa County,2008-06-30,202505.7237049706
40326,6,Phoenix,city,AZ,AZ,"Phoenix-Mesa-Chandler, AZ",Maricopa County,2008-07-31,197836.8087709035
40326,6,Phoenix,city,AZ,AZ,"Phoenix-Mesa-Chandler, AZ",Maricopa County,2008-08-31,191950.94295396912
40326,6,Phoenix,city,AZ,AZ,"Phoenix-Mesa-Chandler, AZ",Maricopa County,2008-09-30,185923.31297097777
40326,6,Phoenix,city,AZ,AZ,"Phoenix-Mesa-Chandler, AZ",Maricopa County,2008-10-31,180744.01810873055
40326,6,Phoenix,city,AZ,AZ,"Phoenix-Mesa-Chandler, AZ",Maricopa County,2008-11-30,174463.28293274328
40326,6,Phoenix,city,AZ,AZ,"Phoenix-Mesa-Chandler, AZ",Maricopa County,2008-12-31,167701.87350079368
40326,6,Phoenix,city,AZ,AZ,"Phoenix-Mesa-Chandler, AZ",Maricopa County,2009-01-31,161220.6229082137
40326,6,Phoenix,city,AZ,AZ,"Phoenix-Mesa-Chandler, AZ",Maricopa County,2009-02-28,156974.40629118602
40326,6,Phoenix,city,AZ,AZ,"Phoenix-Mesa-Chandler, AZ",Maricopa County,2009-03-31,153375.50138434558
40326,6,Phoenix,city,AZ,AZ,"Phoenix-Mesa-Chandler, AZ",Maricopa County,2009-04-30,149811.19638704613
40326,6,Phoenix,city,AZ,AZ,"Phoenix-Mesa-Chandler, AZ",Maricopa County,2009-05-31,145710.57661699582
40326,6,Phoenix,city,AZ,AZ,"Phoenix-Mesa-Chandler, AZ",Maricopa County,2009-06-30,142136.4770797871
40326,6,Phoenix,city,AZ,AZ,"Phoenix-Mesa-Chandler, AZ",Maricopa County,2009-07-31,139031.5283871782
40326,6,Phoenix,city,AZ,AZ,"Phoenix-Mesa-Chandler, AZ",Maricopa County,2009-08-31,136436.8268422292
40326,6,Phoenix,city,AZ,AZ,"Phoenix-Mesa-Chandler, AZ",Maricopa County,2009-09-30,134005.51055258568
40326,6,Phoenix,city,AZ,AZ,"Phoenix-Mesa-Chandler, AZ",Maricopa County,2009-10-31,131064.41417528287
40326,6,Phoenix,city,AZ,AZ,"Phoenix-Mesa-Chandler, AZ",Maricopa County,2009-11-30,129384.49868525373
40326,6,Phoenix,city,AZ,AZ,"Phoenix-Mesa-Chandler, AZ",Maricopa County,2009-12-31,128446.3363170098
40326,6,Phoenix,city,AZ,AZ,"Phoenix-Mesa-Chandler, AZ",Maricopa County,2010-01-31,128202.11814930257
40326,6,Phoenix,city,AZ,AZ,"Phoenix-Mesa-Chandler, AZ",Maricopa County,2010-02-28,127237.12392085243
40326,6,Phoenix,city,AZ,AZ,"Phoenix-Mesa-Chandler, AZ",Maricopa County,2010-03-31,126047.99707386216
40326,6,Phoenix,city,AZ,AZ,"Phoenix-Mesa-Chandler, AZ",Maricopa County,2010-04-30,125458.77690741413
40326,6,Phoenix,city,AZ,AZ,"Phoenix-Mesa-Chandler, AZ",Maricopa County,2010-05-31,124871.85979640968
40326,6,Phoenix,city,AZ,AZ,"Phoenix-Mesa-Chandler, AZ",Maricopa County,2010-06-30,124260.655822999
40326,6,Phoenix,city,AZ,AZ,"Phoenix-Mesa-Chandler, AZ",Maricopa County,2010-07-31,122347.50086188206
40326,6,Phoenix,city,AZ,AZ,"Phoenix-Mesa-Chandler, AZ",Maricopa County,2010-08-31,120388.20564493268
40326,6,Phoenix,city,AZ,AZ,"Phoenix-Mesa-Chandler, AZ",Maricopa County,2010-09-30,117891.0907550038
40326,6,Phoenix,city,AZ,AZ,"Phoenix-Mesa-Chandler, AZ",Maricopa County,2010-10-31,116075.08098900074
40326,6,Phoenix,city,AZ,AZ,"Phoenix-Mesa-Chandler, AZ",Maricopa County,2010-11-30,114249.04373508524
40326,6,Phoenix,city,AZ,AZ,"Phoenix-Mesa-Chandler, AZ",Maricopa County,2010-12-31,112446.99691662844
40326,6,Phoenix,city,AZ,AZ,"Phoenix-Mesa-Chandler, AZ",Maricopa County,2011-01-31,110226.04450102797
40326,6,Phoenix,city,AZ,AZ,"Phoenix-Mesa-Chandler, AZ",Maricopa County,2011-02-28,108189.71647598576
40326,6,Phoenix,city,AZ,AZ,"Phoenix-Mesa-Chandler, AZ",Maricopa County,2011-03-31,106792.26495661428
40326,6,Phoenix,city,AZ,AZ,"Phoenix-Mesa-Chandler, AZ",Maricopa County,2011-04-30,105377.9480113522
40326,6,Phoenix,city,AZ,AZ,"Phoenix-Mesa-Chandler, AZ",Maricopa County,2011-05-31,104005.94039769584
40326,6,Phoenix,city,AZ,AZ,"Phoenix-Mesa-Chandler, AZ",Maricopa County,2011-06-30,102470.19980982888
40326,6,Phoenix,city,AZ,AZ,"Phoenix-Mesa-Chandler, AZ",Maricopa County,2011-07-31,101659.38290809812
40326,6,Phoenix,city,AZ,AZ,"Phoenix-Mesa-Chandler, AZ",Maricopa County,2011-08-31,101272.00916534448
40326,6,Phoenix,city,AZ,AZ,"Phoenix-Mesa-Chandler, AZ",Maricopa County,2011-09-30,101183.37152628794
40326,6,Phoenix,city,AZ,AZ,"Phoenix-Mesa-Chandler, AZ",Maricopa County,2011-10-31,101192.9463507482
40326,6,Phoenix,city,AZ,AZ,"Phoenix-Mesa-Chandler, AZ",Maricopa County,2011-11-30,101156.82994830758
40326,6,Phoenix,city,AZ,AZ,"Phoenix-Mesa-Chandler, AZ",Maricopa County,2011-12-31,101748.10831498283
40326,6,Phoenix,city,AZ,AZ,"Phoenix-Mesa-Chandler, AZ",Maricopa County,2012-01-31,102352.34377016342
40326,6,Phoenix,city,AZ,AZ,"Phoenix-Mesa-Chandler, AZ",Maricopa County,2012-02-29,103308.74964993988
40326,6,Phoenix,city,AZ,AZ,"Phoenix-Mesa-Chandler, AZ",Maricopa County,2012-03-31,104209.98151948344
40326,6,Phoenix,city,AZ,AZ,"Phoenix-Mesa-Chandler, AZ",Maricopa County,2012-04-30,105911.67939495586
40326,6,Phoenix,city,AZ,AZ,"Phoenix-Mesa-Chandler, AZ",Maricopa County,2012-05-31,108438.6876507832
40326,6,Phoenix,city,AZ,AZ,"Phoenix-Mesa-Chandler, AZ",Maricopa County,2012-06-30,111429.99626037774
40326,6,Phoenix,city,AZ,AZ,"Phoenix-Mesa-Chandler, AZ",Maricopa County,2012-07-31,114799.57443489846
40326,6,Phoenix,city,AZ,AZ,"Phoenix-Mesa-Chandler, AZ",Maricopa County,2012-08-31,118311.40545354692
40326,6,Phoenix,city,AZ,AZ,"Phoenix-Mesa-Chandler, AZ",Maricopa County,2012-09-30,122235.36244458794
40326,6,Phoenix,city,AZ,AZ,"Phoenix-Mesa-Chandler, AZ",Maricopa County,2012-10-31,125955.50039193688
40326,6,Phoenix,city,AZ,AZ,"Phoenix-Mesa-Chandler, AZ",Maricopa County,2012-11-30,129300.20518759685
40326,6,Phoenix,city,AZ,AZ,"Phoenix-Mesa-Chandler, AZ",Maricopa County,2012-12-31,132055.98175503672
40326,6,Phoenix,city,AZ,AZ,"Phoenix-Mesa-Chandler, AZ",Maricopa County,2013-01-31,134570.41261541058
40326,6,Phoenix,city,AZ,AZ,"Phoenix-Mesa-Chandler, AZ",Maricopa County,2013-02-28,136922.92526694993
40326,6,Phoenix,city,AZ,AZ,"Phoenix-Mesa-Chandler, AZ",Maricopa County,2013-03-31,139477.02749144522
40326,6,Phoenix,city,AZ,AZ,"Phoenix-Mesa-Chandler, AZ",Maricopa County,2013-04-30,142483.76416313424
40326,6,Phoenix,city,AZ,AZ,"Phoenix-Mesa-Chandler, AZ",Maricopa County,2013-05-31,145977.34934464507
40326,6,Phoenix,city,AZ,AZ,"Phoenix-Mesa-Chandler, AZ",Maricopa County,2013-06-30,149532.75583322236
40326,6,Phoenix,city,AZ,AZ,"Phoenix-Mesa-Chandler, AZ",Maricopa County,2013-07-31,152904.3655407387
40326,6,Phoenix,city,AZ,AZ,"Phoenix-Mesa-Chandler, AZ",Maricopa County,2013-08-31,156029.93628947702
40326,6,Phoenix,city,AZ,AZ,"Phoenix-Mesa-Chandler, AZ",Maricopa County,2013-09-30,158984.74598503555
40326,6,Phoenix,city,AZ,AZ,"Phoenix-Mesa-Chandler, AZ",Maricopa County,2013-10-31,161797.84018645945
40326,6,Phoenix,city,AZ,AZ,"Phoenix-Mesa-Chandler, AZ",Maricopa County,2013-11-30,164046.8881865481
40326,6,Phoenix,city,AZ,AZ,"Phoenix-Mesa-Chandler, AZ",Maricopa County,2013-12-31,165747.98699905712
40326,6,Phoenix,city,AZ,AZ,"Phoenix-Mesa-Chandler, AZ",Maricopa County,2014-01-31,167497.40467462371
40326,6,Phoenix,city,AZ,AZ,"Phoenix-Mesa-Chandler, AZ",Maricopa County,2014-02-28,169330.9710800824
40326,6,Phoenix,city,AZ,AZ,"Phoenix-Mesa-Chandler, AZ",Maricopa County,2014-03-31,171080.4295296421
40326,6,Phoenix,city,AZ,AZ,"Phoenix-Mesa-Chandler, AZ",Maricopa County,2014-04-30,172186.34982198532
40326,6,Phoenix,city,AZ,AZ,"Phoenix-Mesa-Chandler, AZ",Maricopa County,2014-05-31,172864.23116263983
40326,6,Phoenix,city,AZ,AZ,"Phoenix-Mesa-Chandler, AZ",Maricopa County,2014-06-30,173213.60482978245
40326,6,Phoenix,city,AZ,AZ,"Phoenix-Mesa-Chandler, AZ",Maricopa County,2014-07-31,173464.18657497215
40326,6,Phoenix,city,AZ,AZ,"Phoenix-Mesa-Chandler, AZ",Maricopa County,2014-08-31,173787.14791551066
40326,6,Phoenix,city,AZ,AZ,"Phoenix-Mesa-Chandler, AZ",Maricopa County,2014-09-30,174232.37864272637
40326,6,Phoenix,city,AZ,AZ,"Phoenix-Mesa-Chandler, AZ",Maricopa County,2014-10-31,174585.2235927273
40326,6,Phoenix,city,AZ,AZ,"Phoenix-Mesa-Chandler, AZ",Maricopa County,2014-11-30,175064.84617739148
40326,6,Phoenix,city,AZ,AZ,"Phoenix-Mesa-Chandler, AZ",Maricopa County,2014-12-31,175662.29727693368
40326,6,Phoenix,city,AZ,AZ,"Phoenix-Mesa-Chandler, AZ",Maricopa County,2015-01-31,176460.92532921993
40326,6,Phoenix,city,AZ,AZ,"Phoenix-Mesa-Chandler, AZ",Maricopa County,2015-02-28,177316.35504367345
40326,6,Phoenix,city,AZ,AZ,"Phoenix-Mesa-Chandler, AZ",Maricopa County,2015-03-31,178406.19505307547
40326,6,Phoenix,city,AZ,AZ,"Phoenix-Mesa-Chandler, AZ",Maricopa County,2015-04-30,179783.745722597
40326,6,Phoenix,city,AZ,AZ,"Phoenix-Mesa-Chandler, AZ",Maricopa County,2015-05-31,181551.4216367281
40326,6,Phoenix,city,AZ,AZ,"Phoenix-Mesa-Chandler, AZ",Maricopa County,2015-06-30,183381.0170251329
40326,6,Phoenix,city,AZ,AZ,"Phoenix-Mesa-Chandler, AZ",Maricopa County,2015-07-31,185283.68687722404
40326,6,Phoenix,city,AZ,AZ,"Phoenix-Mesa-Chandler, AZ",Maricopa County,2015-08-31,187171.85050995773
40326,6,Phoenix,city,AZ,AZ,"Phoenix-Mesa-Chandler, AZ",Maricopa County,2015-09-30,189293.8823582225
40326,6,Phoenix,city,AZ,AZ,"Phoenix-Mesa-Chandler, AZ",Maricopa County,2015-10-31,191506.2916109877
40326,6,Phoenix,city,AZ,AZ,"Phoenix-Mesa-Chandler, AZ",Maricopa County,2015-11-30,193751.11719287513
40326,6,Phoenix,city,AZ,AZ,"Phoenix-Mesa-Chandler, AZ",Maricopa County,2015-12-31,195931.25778663516
40326,6,Phoenix,city,AZ,AZ,"Phoenix-Mesa-Chandler, AZ",Maricopa County,2016-01-31,198439.93744211507
40326,6,Phoenix,city,AZ,AZ,"Phoenix-Mesa-Chandler, AZ",Maricopa County,2016-02-29,200901.295775288
40326,6,Phoenix,city,AZ,AZ,"Phoenix-Mesa-Chandler, AZ",Maricopa County,2016-03-31,202787.30634122193
40326,6,Phoenix,city,AZ,AZ,"Phoenix-Mesa-Chandler, AZ",Maricopa County,2016-04-30,203933.15567613867
40326,6,Phoenix,city,AZ,AZ,"Phoenix-Mesa-Chandler, AZ",Maricopa County,2016-05-31,204829.1570344388
40326,6,Phoenix,city,AZ,AZ,"Phoenix-Mesa-Chandler, AZ",Maricopa County,2016-06-30,205827.9901440099
40326,6,Phoenix,city,AZ,AZ,"Phoenix-Mesa-Chandler, AZ",Maricopa County,2016-07-31,206917.7118390233
40326,6,Phoenix,city,AZ,AZ,"Phoenix-Mesa-Chandler, AZ",Maricopa County,2016-08-31,207948.4862735046
40326,6,Phoenix,city,AZ,AZ,"Phoenix-Mesa-Chandler, AZ",Maricopa County,2016-09-30,209306.2413234196
40326,6,Phoenix,city,AZ,AZ,"Phoenix-Mesa-Chandler, AZ",Maricopa County,2016-10-31,210734.3569631084
40326,6,Phoenix,city,AZ,AZ,"Phoenix-Mesa-Chandler, AZ",Maricopa County,2016-11-30,212135.9545278372
40326,6,Phoenix,city,AZ,AZ,"Phoenix-Mesa-Chandler, AZ",Maricopa County,2016-12-31,213386.3619288837
40326,6,Phoenix,city,AZ,AZ,"Phoenix-Mesa-Chandler, AZ",Maricopa County,2017-01-31,214628.86240708895
40326,6,Phoenix,city,AZ,AZ,"Phoenix-Mesa-Chandler, AZ",Maricopa County,2017-02-28,216094.20816847112
40326,6,Phoenix,city,AZ,AZ,"Phoenix-Mesa-Chandler, AZ",Maricopa County,2017-03-31,217763.75618952975
40326,6,Phoenix,city,AZ,AZ,"Phoenix-Mesa-Chandler, AZ",Maricopa County,2017-04-30,219425.82281767557
40326,6,Phoenix,city,AZ,AZ,"Phoenix-Mesa-Chandler, AZ",Maricopa County,2017-05-31,220912.7287741384
40326,6,Phoenix,city,AZ,AZ,"Phoenix-Mesa-Chandler, AZ",Maricopa County,2017-06-30,222335.69332324853
40326,6,Phoenix,city,AZ,AZ,"Phoenix-Mesa-Chandler, AZ",Maricopa County,2017-07-31,223699.69550108697
40326,6,Phoenix,city,AZ,AZ,"Phoenix-Mesa-Chandler, AZ",Maricopa County,2017-08-31,225082.00617039533
40326,6,Phoenix,city,AZ,AZ,"Phoenix-Mesa-Chandler, AZ",Maricopa County,2017-09-30,226427.05129164175
40326,6,Phoenix,city,AZ,AZ,"Phoenix-Mesa-Chandler, AZ",Maricopa County,2017-10-31,227786.27554471497
40326,6,Phoenix,city,AZ,AZ,"Phoenix-Mesa-Chandler, AZ",Maricopa County,2017-11-30,228948.80235837057
40326,6,Phoenix,city,AZ,AZ,"Phoenix-Mesa-Chandler, AZ",Maricopa County,2017-12-31,230151.9911567968
40326,6,Phoenix,city,AZ,AZ,"Phoenix-Mesa-Chandler, AZ",Maricopa County,2018-01-31,231806.50623803915
40326,6,Phoenix,city,AZ,AZ,"Phoenix-Mesa-Chandler, AZ",Maricopa County,2018-02-28,233819.934369099
40326,6,Phoenix,city,AZ,AZ,"Phoenix-Mesa-Chandler, AZ",Maricopa County,2018-03-31,235783.45321873855
40326,6,Phoenix,city,AZ,AZ,"Phoenix-Mesa-Chandler, AZ",Maricopa County,2018-04-30,237217.18079412403
40326,6,Phoenix,city,AZ,AZ,"Phoenix-Mesa-Chandler, AZ",Maricopa County,2018-05-31,238687.22921938225
40326,6,Phoenix,city,AZ,AZ,"Phoenix-Mesa-Chandler, AZ",Maricopa County,2018-06-30,240239.6554660132
40326,6,Phoenix,city,AZ,AZ,"Phoenix-Mesa-Chandler, AZ",Maricopa County,2018-07-31,242100.71587263345
40326,6,Phoenix,city,AZ,AZ,"Phoenix-Mesa-Chandler, AZ",Maricopa County,2018-08-31,243788.81410844185
40326,6,Phoenix,city,AZ,AZ,"Phoenix-Mesa-Chandler, AZ",Maricopa County,2018-09-30,245351.8697359223
40326,6,Phoenix,city,AZ,AZ,"Phoenix-Mesa-Chandler, AZ",Maricopa County,2018-10-31,246626.00688170452
40326,6,Phoenix,city,AZ,AZ,"Phoenix-Mesa-Chandler, AZ",Maricopa County,2018-11-30,247840.5989510558
40326,6,Phoenix,city,AZ,AZ,"Phoenix-Mesa-Chandler, AZ",Maricopa County,2018-12-31,248959.4052230852
40326,6,Phoenix,city,AZ,AZ,"Phoenix-Mesa-Chandler, AZ",Maricopa County,2019-01-31,250368.59870287616
40326,6,Phoenix,city,AZ,AZ,"Phoenix-Mesa-Chandler, AZ",Maricopa County,2019-02-28,252031.81411238687
40326,6,Phoenix,city,AZ,AZ,"Phoenix-Mesa-Chandler, AZ",Maricopa County,2019-03-31,253570.3727835112
40326,6,Phoenix,city,AZ,AZ,"Phoenix-Mesa-Chandler, AZ",Maricopa County,2019-04-30,254723.40993721777
40326,6,Phoenix,city,AZ,AZ,"Phoenix-Mesa-Chandler, AZ",Maricopa County,2019-05-31,255415.58119300488
40326,6,Phoenix,city,AZ,AZ,"Phoenix-Mesa-Chandler, AZ",Maricopa County,2019-06-30,256169.8497926297
40326,6,Phoenix,city,AZ,AZ,"Phoenix-Mesa-Chandler, AZ",Maricopa County,2019-07-31,256842.0141246623
40326,6,Phoenix,city,AZ,AZ,"Phoenix-Mesa-Chandler, AZ",Maricopa County,2019-08-31,257814.09045432927
40326,6,Phoenix,city,AZ,AZ,"Phoenix-Mesa-Chandler, AZ",Maricopa County,2019-09-30,258975.66403908643
40326,6,Phoenix,city,AZ,AZ,"Phoenix-Mesa-Chandler, AZ",Maricopa County,2019-10-31,260606.91815024437
40326,6,Phoenix,city,AZ,AZ,"Phoenix-Mesa-Chandler, AZ",Maricopa County,2019-11-30,262621.2142385464
40326,6,Phoenix,city,AZ,AZ,"Phoenix-Mesa-Chandler, AZ",Maricopa County,2019-12-31,264830.43284098804
40326,6,Phoenix,city,AZ,AZ,"Phoenix-Mesa-Chandler, AZ",Maricopa County,2020-01-31,267699.01681677793
40326,6,Phoenix,city,AZ,AZ,"Phoenix-Mesa-Chandler, AZ",Maricopa County,2020-02-29,271086.6787708132
40326,6,Phoenix,city,AZ,AZ,"Phoenix-Mesa-Chandler, AZ",Maricopa County,2020-03-31,275029.91644578334
40326,6,Phoenix,city,AZ,AZ,"Phoenix-Mesa-Chandler, AZ",Maricopa County,2020-04-30,278458.74573206
40326,6,Phoenix,city,AZ,AZ,"Phoenix-Mesa-Chandler, AZ",Maricopa County,2020-05-31,280721.2332586899
40326,6,Phoenix,city,AZ,AZ,"Phoenix-Mesa-Chandler, AZ",Maricopa County,2020-06-30,281926.74889542005
40326,6,Phoenix,city,AZ,AZ,"Phoenix-Mesa-Chandler, AZ",Maricopa County,2020-07-31,283162.54012994276
40326,6,Phoenix,city,AZ,AZ,"Phoenix-Mesa-Chandler, AZ",Maricopa County,2020-08-31,285411.2390075104
40326,6,Phoenix,city,AZ,AZ,"Phoenix-Mesa-Chandler, AZ",Maricopa County,2020-09-30,289400.0884486674
40326,6,Phoenix,city,AZ,AZ,"Phoenix-Mesa-Chandler, AZ",Maricopa County,2020-10-31,294330.913193146
40326,6,Phoenix,city,AZ,AZ,"Phoenix-Mesa-Chandler, AZ",Maricopa County,2020-11-30,299951.8467935818
40326,6,Phoenix,city,AZ,AZ,"Phoenix-Mesa-Chandler, AZ",Maricopa County,2020-12-31,305623.2088123767
40326,6,Phoenix,city,AZ,AZ,"Phoenix-Mesa-Chandler, AZ",Maricopa County,2021-01-31,311315.4492069033
40326,6,Phoenix,city,AZ,AZ,"Phoenix-Mesa-Chandler, AZ",Maricopa County,2021-02-28,317318.2595218465
40326,6,Phoenix,city,AZ,AZ,"Phoenix-Mesa-Chandler, AZ",Maricopa County,2021-03-31,324265.7011778124
40326,6,Phoenix,city,AZ,AZ,"Phoenix-Mesa-Chandler, AZ",Maricopa County,2021-04-30,332047.31984576577
40326,6,Phoenix,city,AZ,AZ,"Phoenix-Mesa-Chandler, AZ",Maricopa County,2021-05-31,341074.22051814134
40326,6,Phoenix,city,AZ,AZ,"Phoenix-Mesa-Chandler, AZ",Maricopa County,2021-06-30,350936.6101187403
40326,6,Phoenix,city,AZ,AZ,"Phoenix-Mesa-Chandler, AZ",Maricopa County,2021-07-31,360821.96239073767
40326,6,Phoenix,city,AZ,AZ,"Phoenix-Mesa-Chandler, AZ",Maricopa County,2021-08-31,369606.8576562012
40326,6,Phoenix,city,AZ,AZ,"Phoenix-Mesa-Chandler, AZ",Maricopa County,2021-09-30,376879.48402560473
40326,6,Phoenix,city,AZ,AZ,"Phoenix-Mesa-Chandler, AZ",Maricopa County,2021-10-31,383383.51506972784
40326,6,Phoenix,city,AZ,AZ,"Phoenix-Mesa-Chandler, AZ",Maricopa County,2021-11-30,389728.4584916704
40326,6,Phoenix,city,AZ,AZ,"Phoenix-Mesa-Chandler, AZ",Maricopa County,2021-12-31,395736.1289390752
40326,6,Phoenix,city,AZ,AZ,"Phoenix-Mesa-Chandler, AZ",Maricopa County,2022-01-31,402230.6865379599
40326,6,Phoenix,city,AZ,AZ,"Phoenix-Mesa-Chandler, AZ",Maricopa County,2022-02-28,409629.3043546739
40326,6,Phoenix,city,AZ,AZ,"Phoenix-Mesa-Chandler, AZ",Maricopa County,2022-03-31,418701.5660268152
40326,6,Phoenix,city,AZ,AZ,"Phoenix-Mesa-Chandler, AZ",Maricopa County,2022-04-30,428669.0674208994
40326,6,Phoenix,city,AZ,AZ,"Phoenix-Mesa-Chandler, AZ",Maricopa County,2022-05-31,438530.01512062055
40326,6,Phoenix,city,AZ,AZ,"Phoenix-Mesa-Chandler, AZ",Maricopa County,2022-06-30,446640.9744648996
40326,6,Phoenix,city,AZ,AZ,"Phoenix-Mesa-Chandler, AZ",Maricopa County,2022-07-31,450586.63252524094
40326,6,Phoenix,city,AZ,AZ,"Phoenix-Mesa-Chandler, AZ",Maricopa County,2022-08-31,449229.75031627185
40326,6,Phoenix,city,AZ,AZ,"Phoenix-Mesa-Chandler, AZ",Maricopa County,2022-09-30,443263.61463260016
40326,6,Phoenix,city,AZ,AZ,"Phoenix-Mesa-Chandler, AZ",Maricopa County,2022-10-31,435802.6833995524
40326,6,Phoenix,city,AZ,AZ,"Phoenix-Mesa-Chandler, AZ",Maricopa County,2022-11-30,427886.9296166135
40326,6,Phoenix,city,AZ,AZ,"Phoenix-Mesa-Chandler, AZ",Maricopa County,2022-12-31,420248.8854158831
40326,6,Phoenix,city,AZ,AZ,"Phoenix-Mesa-Chandler, AZ",Maricopa County,2023-01-31,412889.6573267056
40326,6,Phoenix,city,AZ,AZ,"Phoenix-Mesa-Chandler, AZ",Maricopa County,2023-02-28,407199.8656848101
40326,6,Phoenix,city,AZ,AZ,"Phoenix-Mesa-Chandler, AZ",Maricopa County,2023-03-31,403941.79253743455
40326,6,Phoenix,city,AZ,AZ,"Phoenix-Mesa-Chandler, AZ",Maricopa County,2023-04-30,402848.3767977762
40326,6,Phoenix,city,AZ,AZ,"Phoenix-Mesa-Chandler, AZ",Maricopa County,2023-05-31,403299.3571339597
40326,6,Phoenix,city,AZ,AZ,"Phoenix-Mesa-Chandler, AZ",Maricopa County,2023-06-30,405022.238237777
40326,6,Phoenix,city,AZ,AZ,"Phoenix-Mesa-Chandler, AZ",Maricopa County,2023-07-31,407731.3371094445
40326,6,Phoenix,city,AZ,AZ,"Phoenix-Mesa-Chandler, AZ",Maricopa County,2023-08-31,410975.5776730751
40326,6,Phoenix,city,AZ,AZ,"Phoenix-Mesa-Chandler, AZ",Maricopa County,2023-09-30,413949.66479906737
40326,6,Phoenix,city,AZ,AZ,"Phoenix-Mesa-Chandler, AZ",Maricopa County,2023-10-31,416546.71003914525
40326,6,Phoenix,city,AZ,AZ,"Phoenix-Mesa-Chandler, AZ",Maricopa County,2023-11-30,418688.7340420345
40326,6,Phoenix,city,AZ,AZ,"Phoenix-Mesa-Chandler, AZ",Maricopa County,2023-12-31,419984.86338354024
40326,6,Phoenix,city,AZ,AZ,"Phoenix-Mesa-Chandler, AZ",Maricopa County,2024-01-31,420603.7717876581
40326,6,Phoenix,city,AZ,AZ,"Phoenix-Mesa-Chandler, AZ",Maricopa County,2024-02-29,421249.4737316813
40326,6,Phoenix,city,AZ,AZ,"Phoenix-Mesa-Chandler, AZ",Maricopa County,2024-03-31,422510.14274954493
40326,6,Phoenix,city,AZ,AZ,"Phoenix-Mesa-Chandler, AZ",Maricopa County,2024-04-30,424144.01957125886
40326,6,Phoenix,city,AZ,AZ,"Phoenix-Mesa-Chandler, AZ",Maricopa County,2024-05-31,425435.8262665488
40326,6,Phoenix,city,AZ,AZ,"Phoenix-Mesa-Chandler, AZ",Maricopa County,2024-06-30,425692.5974890461
40326,6,Phoenix,city,AZ,AZ,"Phoenix-Mesa-Chandler, AZ",Maricopa County,2024-07-31,425173.2697202157
40326,6,Phoenix,city,AZ,AZ,"Phoenix-Mesa-Chandler, AZ",Maricopa County,2024-08-31,424044.87225086585
40326,6,Phoenix,city,AZ,AZ,"Phoenix-Mesa-Chandler, AZ",Maricopa County,2024-09-30,422875.17453149013
40326,6,Phoenix,city,AZ,AZ,"Phoenix-Mesa-Chandler, AZ",Maricopa County,2024-10-31,421753.9875079294
40326,6,Phoenix,city,AZ,AZ,"Phoenix-Mesa-Chandler, AZ",Maricopa County,2024-11-30,420770.2512288573
40326,6,Phoenix,city,AZ,AZ,"Phoenix-Mesa-Chandler, AZ",Maricopa County,2024-12-31,420173.3408795304
40326,6,Phoenix,city,AZ,AZ,"Phoenix-Mesa-Chandler, AZ",Maricopa County,2025-01-31,419294.93859524134
40326,6,Phoenix,city,AZ,AZ,"Phoenix-Mesa-Chandler, AZ",Maricopa County,2025-02-28,417740.4704152058
40326,6,Phoenix,city,AZ,AZ,"Phoenix-Mesa-Chandler, AZ",Maricopa County,2025-03-31,415260.5395683152
40326,6,Phoenix,city,AZ,AZ,"Phoenix-Mesa-Chandler, AZ",Maricopa County,2025-04-30,412948.3979940221
40326,6,Phoenix,city,AZ,AZ,"Phoenix-Mesa-Chandler, AZ",Maricopa County,2025-05-31,410739.30923644867
40326,6,Phoenix,city,AZ,AZ,"Phoenix-Mesa-Chandler, AZ",Maricopa County,2025-06-30,408675.14366516744
40326,6,Phoenix,city,AZ,AZ,"Phoenix-Mesa-Chandler, AZ",Maricopa County,2025-07-31,406509.0235590897
40326,6,Phoenix,city,AZ,AZ,"Phoenix-Mesa-Chandler, AZ",Maricopa County,2025-08-31,404709.4900755032
40326,6,Phoenix,city,AZ,AZ,"Phoenix-Mesa-Chandler, AZ",Maricopa County,2025-09-30,403512.08337441785
40326,6,Phoenix,city,AZ,AZ,"Phoenix-Mesa-Chandler, AZ",Maricopa County,2025-10-31,402811.2547473198
40326,6,Phoenix,city,AZ,AZ,"Phoenix-Mesa-Chandler, AZ",Maricopa County,2025-11-30,402741.9188074218
40326,6,Phoenix,city,AZ,AZ,"Phoenix-Mesa-Chandler, AZ",Maricopa County,2025-12-31,403195.5235069971
40326,6,Phoenix,city,AZ,AZ,"Phoenix-Mesa-Chandler, AZ",Maricopa County,2026-01-31,403826.7295432088
